{
    "experiment_metadata": {
        "dataset": "HepatitisCdata.csv",
        "split_ratio": "80:20 (Stratified)",
        "random_seed": 42
    },
    "classification_reports": {
        "KNN": {
            "model_parameters": {
                "n_neighbors": 5,
                "weights": "uniform",
                "metric": "minkowski_p2"
            },
            "metrics": {
                "0=Blood Donor": {
                    "precision": 0.9385964912280702,
                    "recall": 1.0,
                    "f1-score": 0.9683257918552036,
                    "support": 107.0
                },
                "0s=suspect Blood Donor": {
                    "precision": 0.0,
                    "recall": 0.0,
                    "f1-score": 0.0,
                    "support": 1.0
                },
                "1=Hepatitis": {
                    "precision": 1.0,
                    "recall": 0.2,
                    "f1-score": 0.3333333333333333,
                    "support": 5.0
                },
                "2=Fibrosis": {
                    "precision": 0.75,
                    "recall": 0.75,
                    "f1-score": 0.75,
                    "support": 4.0
                },
                "3=Cirrhosis": {
                    "precision": 1.0,
                    "recall": 0.5,
                    "f1-score": 0.6666666666666666,
                    "support": 6.0
                },
                "accuracy": 0.926829268292683,
                "macro avg": {
                    "precision": 0.737719298245614,
                    "recall": 0.49000000000000005,
                    "f1-score": 0.5436651583710407,
                    "support": 123.0
                },
                "weighted avg": {
                    "precision": 0.9303237769219798,
                    "recall": 0.926829268292683,
                    "f1-score": 0.9128254178469386,
                    "support": 123.0
                }
            }
        },
        "Naive_Bayes": {
            "model_parameters": {
                "var_smoothing": 1e-09
            },
            "metrics": {
                "0=Blood Donor": {
                    "precision": 0.9722222222222222,
                    "recall": 0.9813084112149533,
                    "f1-score": 0.9767441860465116,
                    "support": 107.0
                },
                "0s=suspect Blood Donor": {
                    "precision": 0.3333333333333333,
                    "recall": 1.0,
                    "f1-score": 0.5,
                    "support": 1.0
                },
                "1=Hepatitis": {
                    "precision": 0.6666666666666666,
                    "recall": 0.4,
                    "f1-score": 0.5,
                    "support": 5.0
                },
                "2=Fibrosis": {
                    "precision": 0.5,
                    "recall": 0.5,
                    "f1-score": 0.5,
                    "support": 4.0
                },
                "3=Cirrhosis": {
                    "precision": 1.0,
                    "recall": 0.8333333333333334,
                    "f1-score": 0.9090909090909091,
                    "support": 6.0
                },
                "accuracy": 0.9349593495934959,
                "macro avg": {
                    "precision": 0.6944444444444444,
                    "recall": 0.7429283489096574,
                    "f1-score": 0.6771670190274841,
                    "support": 123.0
                },
                "weighted avg": {
                    "precision": 0.940605239385727,
                    "recall": 0.9349593495934959,
                    "f1-score": 0.9346843362725382,
                    "support": 123.0
                }
            }
        },
        "SVM": {
            "model_parameters": {
                "C": 1.0,
                "kernel": "rbf",
                "gamma": "scale"
            },
            "metrics": {
                "0=Blood Donor": {
                    "precision": 0.963963963963964,
                    "recall": 1.0,
                    "f1-score": 0.981651376146789,
                    "support": 107.0
                },
                "0s=suspect Blood Donor": {
                    "precision": 0.0,
                    "recall": 0.0,
                    "f1-score": 0.0,
                    "support": 1.0
                },
                "1=Hepatitis": {
                    "precision": 1.0,
                    "recall": 0.6,
                    "f1-score": 0.75,
                    "support": 5.0
                },
                "2=Fibrosis": {
                    "precision": 0.75,
                    "recall": 0.75,
                    "f1-score": 0.75,
                    "support": 4.0
                },
                "3=Cirrhosis": {
                    "precision": 1.0,
                    "recall": 0.8333333333333334,
                    "f1-score": 0.9090909090909091,
                    "support": 6.0
                },
                "accuracy": 0.959349593495935,
                "macro avg": {
                    "precision": 0.7427927927927928,
                    "recall": 0.6366666666666667,
                    "f1-score": 0.6781484570475397,
                    "support": 123.0
                },
                "weighted avg": {
                    "precision": 0.95239141580605,
                    "recall": 0.959349593495935,
                    "f1-score": 0.9531808349776576,
                    "support": 123.0
                }
            }
        }
    }
}